<?xml version="1.0" encoding="utf-8"?>
<!DOCTYPE hibernate-mapping PUBLIC 
 "-//Hibernate/Hibernate Mapping DTD//EN"
 "http://www.hibernate.org/dtd/hibernate-mapping-3.0.dtd"> 

<hibernate-mapping>
   <class name="fileObjectPojo" table="FILEOBJECTPOJO">
      <meta attribute="class-description">
         This class contains the object detail. 
      </meta>
      <id name="id" type="int" column="id">
         <generator class="native"/>
      </id>
      <property name="fileName" column="file_name" type="string"/>
      <property name="hashValue" column="hash_value_n" type="string"/>
      
   </class>
</hibernate-mapping>